<?xml version="1.0" encoding="utf-8" standalone="no"?>
<?xml-stylesheet type="text/xsl" href="dictionary.xsl"?>
<!-- http://corpus.leeds.ac.uk/teaching/corpora/ -->
<!DOCTYPE TEI.2 PUBLIC "DTD for the lexicographical database" "tei-lexicon.dtd">
<TEI.2>
   <teiHeader>
      <fileDesc>
         <titleStmt>
            <title>A bilingual English-Russian dictionary of motion verbs</title>

            <author>Serge Sharoff</author>
         </titleStmt>

         <publicationStmt>
            <p>Unpublished, contact the author at s.sharoff@leeds.ac.uk</p>
         </publicationStmt>

         <sourceDesc>
            <p>Created as a sample for MODL5007M, Corpus Linguistics for Translators</p>
         </sourceDesc>
      </fileDesc>

      <profileDesc>
         <langUsage>
            <language id="en">
            </language>

            <language id="ru">
            </language>
         </langUsage>
      </profileDesc>
   </teiHeader>

   <text>
      <body>
         <div type="ER" lang="en">
            <entry id="leave" key="leave">
               <form>
                  <orth extent="full">/liːv/</orth>
               </form>

               <gramGrp>
                  <pos>both v.t. and v.nt.</pos>
               </gramGrp>

               <sense>
                  <def>to go away physically</def>
                     <usg type="colloc">from a place or a person</usg>

                  <trans>
                     <tr>уезжать</tr>

                     <usg type="hint">by means of transportation</usg>

                     <eg>
                        <q>Skvorecky left his country to teach in North America.</q>

                        <tr>Скворецкий уехал из своей страны, чтобы преподавать в Северной Америке.</tr>
                     </eg>
                  </trans>

                  <trans>
                     <tr>уходить</tr>

                     <usg type="hint">on foot</usg>

                     <eg>
                        <q>We have left the conference room.</q>
                        <tr>Мы ушли из зала заседаний.</tr>
                     </eg>
                  </trans>

                  <trans>
                     <tr>оставлять</tr>

                     <usg type="hint">for a long time</usg>

                     <eg>
                        <q>He left a daughter who could design...</q>
                        <tr>Он оставил дочь, которая могла спроектировать...</tr>
                     </eg>
                  </trans>
               </sense>

               <sense>
                  <def>to stop attending an institution</def>

                  <trans>
		    <usg type="hint">from job</usg>
                     <tr>увольняться</tr>

                     <eg>
                        <q>why officers are leaving the service.</q>
                        <tr>почему сотрудники увольняются из полиции.</tr>
                     </eg>
                  </trans>

                  <trans>
		    <usg type="colloc">school, university</usg>
                     <tr>бросать</tr>

                     <eg>
                        <q>many girls have to leave school at a very early age.</q>
                        <tr>многие девочки вынуждены бросать школу в очень раннем возрасте.</tr>
                     </eg>
                  </trans>
               </sense>

               <sense>
                  <def>to finish a relationship</def>

                  <trans>
                     <usg type="colloc">husband, wife</usg>

                     <tr>бросать</tr>

                     <eg>
                        <q>She left her husband and asked for a divorce.</q>
                        <tr>Она бросила своего мужа и потребовала развода.</tr>
                     </eg>
                  </trans>
               </sense>

               <sense>
                  <def>to keep something aside</def>

                  <usg type="colloc">personal items, food, messages</usg>

                  <trans>

                     <tr>оставлять</tr>

                     <eg>
                        <q>The kibbutz library has paperbacks left behind by other volunteers.</q>
                        <tr>В библиотеке кибуца имеются книги, оставленные другими волонтерами.</tr>
                     </eg>
                  </trans>
               </sense>

               <sense>
                  <def>to cause something to remain</def>

                  <usg type="colloc">mark, effect, sign</usg>

                  <trans>
                     <tr>оставлять</tr>
                     <eg>
                        <q>They have left an indelible mark in our memory.</q>
                        <tr>оставили неизгладимый след в нашей памяти.</tr>
                     </eg>
                  </trans>
               </sense>

               <sense>
                  <def>to cause a long-term problem</def>
		  <gramGrp>
		    <subc>leave SOMEONE with PROBLEM</subc>
		  </gramGrp>
                  <usg type="colloc">often a medical condition</usg>
                  <trans>
                     <tr>приводить к</tr>
                     <eg>
                        <q>This damage left him with	a permanent slight limp.</q>
                        <tr>Этот инцидент привел его к стойкой незначительной хромоте</tr>
                     </eg>
                  </trans>
               </sense>

            </entry>
         </div>

         <div type="RE" lang="ru">
            <entry id="vyjti" key="выйти">
               <form>
                  <orth extent="full">/vɨ̞jˈtʲi/</orth>
               </form>

               <gramGrp>
                  <pos>v.nt.</pos>
               </gramGrp>

               <sense>
		  <gramGrp>
		    <subc>V из</subc>
		  </gramGrp>
                  <def>to get out on foot</def>

		  <usg type="colloc">from a man-made structure</usg>
                  <trans>
                     <tr>leave</tr>
                     <eg>
                        <q>потом вышел из комнаты.</q>
                        <tr>then he left the room.</tr>
                     </eg>
                  </trans>
               </sense>

               <sense>
		  <gramGrp>
		    <subc>V из</subc>
		  </gramGrp>
                  <def>to stop being a member</def>
                  <usg type="colloc">organisation name</usg>

                  <trans>
                     <tr>leave</tr>
                     <eg>
                        <q>В 1999 году он вышел из Национального фронта, чтобы создать новую партию.</q>
                        <tr>In 1999, he left the National Front to form a new party.</tr>
                     </eg>
                  </trans>
               </sense>

               <sense>
		  <gramGrp>
		    <subc>V из</subc>
		  </gramGrp>
                  <def>to be released from hospital or prison</def>
                  <usg type="colloc">больница, тюрьма</usg>

                  <trans>
                     <tr>release</tr>
                     <eg>
                        <q>В сентябре правительство разрешило ему выйти из тюрьмы.</q>
                        <tr>In September, the government released him from prison.</tr>
                     </eg>
                  </trans>
               </sense>

               <sense>
                  <def>to stop doing one's job</def>

                  <trans>
                     <tr>retire</tr>
		     <usg type="colloc">в отставку, на пенсию</usg>
		     <usg type="hint">because of age</usg>
                     <eg>
                        <q>В 1991 он вышел на пенсию и уехал на Дальний Восток.</q>
                        <tr>In 1991 he retired and moved to the Russian Far East.</tr>
                     </eg>
                  </trans>

                  <trans>
                     <tr>resign</tr>
		     <usg type="colloc">в отставку</usg>
		     <usg type="hint">because of voluntary termination of appointment</usg>
                     <eg>
                        <q>он вышел в отставку на волне этого скандала.</q>
                        <tr>he resigned in the wake of this scandal.</tr>
                     </eg>
                  </trans>
               </sense>

               <sense>
                  <def>to marry (for a woman)</def>
                  <usg type="colloc">замуж</usg>

                  <trans>
                     <tr>marry</tr>
                     <eg>
                        <q>Ее мать повторно вышла замуж за очень богатого человека.</q>
                        <tr>After divorce her mother remarried an extremely wealthy man.</tr>
                     </eg>
                  </trans>
               </sense>

            </entry>
         </div>

      </body>
   </text>
</TEI.2>

